"Order Date","Profit"
"2010-01-01T11:00:00.000+00:00",-425.20840000000004
"2010-01-02T11:00:00.000+00:00",-472.71317999999974
"2010-01-03T11:00:00.000+00:00",-1110.2888199999998
"2010-01-04T11:00:00.000+00:00",-577.3434
"2010-01-05T11:00:00.000+00:00",2128.063911999999
"2010-01-06T11:00:00.000+00:00",-14512.6614
"2010-01-07T11:00:00.000+00:00",-3518.9941400000016
"2010-01-08T11:00:00.000+00:00",3584.9917999999993
"2010-01-09T11:00:00.000+00:00",-1236.2749
"2010-01-10T11:00:00.000+00:00",-1346.3147
"2010-01-11T11:00:00.000+00:00",-164.7219000000001
"2010-01-12T11:00:00.000+00:00",3012.2529
"2010-01-13T11:00:00.000+00:00",-19.27930000000002
"2010-01-14T11:00:00.000+00:00",408.5729160000001
"2010-01-15T11:00:00.000+00:00",-254.04344000000006
"2010-01-16T11:00:00.000+00:00",-1400.2229573200002
"2010-01-17T11:00:00.000+00:00",-1418.83383
"2010-01-18T11:00:00.000+00:00",2760.4045399999995
"2010-01-19T11:00:00.000+00:00",539.44622
"2010-01-20T11:00:00.000+00:00",-193.914
"2010-01-21T11:00:00.000+00:00",-325.1841760000001
"2010-01-22T11:00:00.000+00:00",5006.60828
"2010-01-23T11:00:00.000+00:00",-181.04520000000002
"2010-01-24T11:00:00.000+00:00",2390.7021
"2010-01-25T11:00:00.000+00:00",6.578800000000001
"2010-01-26T11:00:00.000+00:00",-2154.4025
"2010-01-27T11:00:00.000+00:00",1234.2532400000002
"2010-01-28T11:00:00.000+00:00",-1251.1597800000002
"2010-01-29T11:00:00.000+00:00",-401.1052
"2010-01-30T11:00:00.000+00:00",3093.2147999999993
"2010-01-31T11:00:00.000+00:00",-580.810175
"2010-02-01T11:00:00.000+00:00",-6.1799
"2010-02-02T11:00:00.000+00:00",-5370.635971000001
"2010-02-03T11:00:00.000+00:00",-120.934
"2010-02-04T11:00:00.000+00:00",372.78909999999996
"2010-02-05T11:00:00.000+00:00",3051.3722
"2010-02-06T11:00:00.000+00:00",-624.9138000000003
"2010-02-07T11:00:00.000+00:00",270.7254
"2010-02-08T11:00:00.000+00:00",-646.5201000000002
"2010-02-10T11:00:00.000+00:00",311.9765
"2010-02-11T11:00:00.000+00:00",-3517.7693
"2010-02-12T11:00:00.000+00:00",1384.4713999999997
"2010-02-13T11:00:00.000+00:00",3769.2347
"2010-02-14T11:00:00.000+00:00",2357.1774
"2010-02-15T11:00:00.000+00:00",-1874.2183
"2010-02-16T11:00:00.000+00:00",272.37799999999993
"2010-02-17T11:00:00.000+00:00",121.6677
"2010-02-18T11:00:00.000+00:00",1947.268
"2010-02-19T11:00:00.000+00:00",168.17919999999998
"2010-02-20T11:00:00.000+00:00",-3313.5997
"2010-02-21T11:00:00.000+00:00",-118.50030000000001
"2010-02-22T11:00:00.000+00:00",3611.9563999999996
"2010-02-23T11:00:00.000+00:00",-231.82179999999997
"2010-02-24T11:00:00.000+00:00",2430.0742999999993
"2010-02-25T11:00:00.000+00:00",-729.7447
"2010-02-26T11:00:00.000+00:00",2583.3347999999996
"2010-02-27T11:00:00.000+00:00",-201.26980000000003
"2010-02-28T11:00:00.000+00:00",709.9685
"2010-03-01T11:00:00.000+00:00",-455.0229999999999
"2010-03-02T11:00:00.000+00:00",100.6408
"2010-03-03T11:00:00.000+00:00",-129.01
"2010-03-04T11:00:00.000+00:00",1284.9139999999998
"2010-03-05T11:00:00.000+00:00",-402.5815
"2010-03-06T11:00:00.000+00:00",-486.27
"2010-03-07T11:00:00.000+00:00",909.36
"2010-03-08T11:00:00.000+00:00",905.972
"2010-03-09T11:00:00.000+00:00",-1479.0493999999999
"2010-03-10T11:00:00.000+00:00",-14115.975600000002
"2010-03-11T11:00:00.000+00:00",12.167000000000002
"2010-03-12T11:00:00.000+00:00",185.29589999999993
"2010-03-13T11:00:00.000+00:00",-398.34150000000005
"2010-03-14T11:00:00.000+00:00",-4531.646200000001
"2010-03-15T11:00:00.000+00:00",-1337.6475060000002
"2010-03-16T11:00:00.000+00:00",-769.598
"2010-03-17T11:00:00.000+00:00",-131.02
"2010-03-18T11:00:00.000+00:00",2591.6691999999994
"2010-03-19T11:00:00.000+00:00",-19.06873999999999
"2010-03-20T11:00:00.000+00:00",-2203.5350999999996
"2010-03-21T11:00:00.000+00:00",3394.9111
"2010-03-22T11:00:00.000+00:00",-311.71420000000035
"2010-03-23T11:00:00.000+00:00",384.1338
"2010-03-24T11:00:00.000+00:00",-861.7502012499998
"2010-03-25T11:00:00.000+00:00",2471.2567999999997
"2010-03-26T11:00:00.000+00:00",-67.55320000000025
"2010-03-27T11:00:00.000+00:00",3526.973299999999
"2010-03-28T11:00:00.000+00:00",-16570.41
"2010-03-29T11:00:00.000+00:00",-144.14770000000001
"2010-03-30T11:00:00.000+00:00",-438.0362
"2010-03-31T11:00:00.000+00:00",-1279.797
"2010-04-01T11:00:00.000+00:00",-1038.492
"2010-04-02T11:00:00.000+00:00",471.6336
"2010-04-04T11:00:00.000+00:00",1385.8667999999998
"2010-04-05T11:00:00.000+00:00",-197.5537
"2010-04-06T11:00:00.000+00:00",4588.646499999999
"2010-04-07T11:00:00.000+00:00",191.8897
"2010-04-08T11:00:00.000+00:00",834.0542999999998
"2010-04-09T11:00:00.000+00:00",2287.9521999999997
"2010-04-10T11:00:00.000+00:00",1555.7597999999998
"2010-04-11T11:00:00.000+00:00",71.92989999999999
"2010-04-12T11:00:00.000+00:00",-160.50549999999998
"2010-04-13T11:00:00.000+00:00",116.73679999999997
"2010-04-14T11:00:00.000+00:00",-932.1782060000004
"2010-04-15T11:00:00.000+00:00",-691.1949999999999
"2010-04-16T11:00:00.000+00:00",-3995.89
"2010-04-17T11:00:00.000+00:00",-1173.7598999999998
"2010-04-18T11:00:00.000+00:00",-191.79349999999994
"2010-04-19T11:00:00.000+00:00",-877.3173
"2010-04-20T11:00:00.000+00:00",-1362.0680000000002
"2010-04-21T11:00:00.000+00:00",-1053.32634
"2010-04-22T11:00:00.000+00:00",90.95169999999997
"2010-04-23T11:00:00.000+00:00",-3405.7169000000004
"2010-04-24T11:00:00.000+00:00",1121.8609999999999
"2010-04-26T11:00:00.000+00:00",3963.3858999999993
"2010-04-27T11:00:00.000+00:00",785.252
"2010-04-28T11:00:00.000+00:00",-576.3309000000002
"2010-04-29T11:00:00.000+00:00",567.1419
"2010-04-30T11:00:00.000+00:00",2491.8003
"2010-05-01T11:00:00.000+00:00",-828.9406000000001
"2010-05-02T11:00:00.000+00:00",28.4
"2010-05-03T11:00:00.000+00:00",302.42
"2010-05-04T11:00:00.000+00:00",5370.8725
"2010-05-05T11:00:00.000+00:00",1630.1773
"2010-05-06T11:00:00.000+00:00",-657.9374
"2010-05-07T11:00:00.000+00:00",-974.7114
"2010-05-08T11:00:00.000+00:00",-868.4480000000001
"2010-05-09T11:00:00.000+00:00",-386.19230000000005
"2010-05-10T11:00:00.000+00:00",-82.64
"2010-05-11T11:00:00.000+00:00",-356.06310000000013
"2010-05-12T11:00:00.000+00:00",-1167.5574999999997
"2010-05-13T11:00:00.000+00:00",230.43549999999996
"2010-05-14T11:00:00.000+00:00",258.09800000000007
"2010-05-15T11:00:00.000+00:00",1855.7951999999998
"2010-05-16T11:00:00.000+00:00",-258.5263
"2010-05-17T11:00:00.000+00:00",243.69400000000005
"2010-05-18T11:00:00.000+00:00",854.5774999999999
"2010-05-19T11:00:00.000+00:00",-92.32
"2010-05-20T11:00:00.000+00:00",352.3992999999999
"2010-05-21T11:00:00.000+00:00",724.0228
"2010-05-22T11:00:00.000+00:00",-1185.7027
"2010-05-23T11:00:00.000+00:00",-643.7954999999998
"2010-05-24T11:00:00.000+00:00",1302.0087629999996
"2010-05-25T11:00:00.000+00:00",458.6733
"2010-05-26T11:00:00.000+00:00",4050.6868
"2010-05-27T11:00:00.000+00:00",103.14739999999999
"2010-05-28T11:00:00.000+00:00",-794.4017000000001
"2010-05-29T11:00:00.000+00:00",-1290.689
"2010-05-30T11:00:00.000+00:00",881.0472
"2010-06-01T11:00:00.000+00:00",-200.75670000000005
"2010-06-02T11:00:00.000+00:00",562.51602
"2010-06-03T11:00:00.000+00:00",2189.6272000000004
"2010-06-04T11:00:00.000+00:00",-1944.8251999999998
"2010-06-05T11:00:00.000+00:00",1963.9267
"2010-06-06T11:00:00.000+00:00",47.262
"2010-06-07T11:00:00.000+00:00",6591.438399999999
"2010-06-08T11:00:00.000+00:00",881.4680999999999
"2010-06-09T11:00:00.000+00:00",16.3625
"2010-06-10T11:00:00.000+00:00",-41.6226
"2010-06-11T11:00:00.000+00:00",1606.6908999999998
"2010-06-12T11:00:00.000+00:00",-621.7182
"2010-06-13T11:00:00.000+00:00",-555.4848
"2010-06-14T11:00:00.000+00:00",3816.5119999999997
"2010-06-15T11:00:00.000+00:00",322.1438000000001
"2010-06-16T11:00:00.000+00:00",-25.634
"2010-06-17T11:00:00.000+00:00",-415.1155999999999
"2010-06-18T11:00:00.000+00:00",-8.904
"2010-06-19T11:00:00.000+00:00",-589.1466
"2010-06-20T11:00:00.000+00:00",146.39380000000003
"2010-06-21T11:00:00.000+00:00",-375.9602
"2010-06-22T11:00:00.000+00:00",4471.037900000001
"2010-06-23T11:00:00.000+00:00",-779.8720000000002
"2010-06-24T11:00:00.000+00:00",-184.454
"2010-06-25T11:00:00.000+00:00",3871.5374199999997
"2010-06-28T11:00:00.000+00:00",-108.684
"2010-06-29T11:00:00.000+00:00",-207.08450000000005
"2010-06-30T11:00:00.000+00:00",670.8564999999999
"2010-07-01T11:00:00.000+00:00",-1531.8797
"2010-07-02T11:00:00.000+00:00",5205.047500000001
"2010-07-03T11:00:00.000+00:00",-736.0594
"2010-07-04T11:00:00.000+00:00",1093.5653
"2010-07-05T11:00:00.000+00:00",-2042.1866000000002
"2010-07-06T11:00:00.000+00:00",498.75749999999994
"2010-07-07T11:00:00.000+00:00",-260.00660000000005
"2010-07-08T11:00:00.000+00:00",-137.494
"2010-07-09T11:00:00.000+00:00",1059.27964
"2010-07-10T11:00:00.000+00:00",-276.76599999999996
"2010-07-11T11:00:00.000+00:00",27.23
"2010-07-12T11:00:00.000+00:00",2068.7618
"2010-07-13T11:00:00.000+00:00",301.6788999999999
"2010-07-14T11:00:00.000+00:00",592.4099000000001
"2010-07-15T11:00:00.000+00:00",-3295.8101000000006
"2010-07-16T11:00:00.000+00:00",576.9168
"2010-07-17T11:00:00.000+00:00",-1356.8323000000003
"2010-07-20T11:00:00.000+00:00",835.2629999999999
"2010-07-21T11:00:00.000+00:00",1284.3678
"2010-07-22T11:00:00.000+00:00",-269.13500000000005
"2010-07-24T11:00:00.000+00:00",-325.2378000000001
"2010-07-25T11:00:00.000+00:00",-18.64
"2010-07-26T11:00:00.000+00:00",592.8637999999996
"2010-07-27T11:00:00.000+00:00",3207.1793000000002
"2010-07-28T11:00:00.000+00:00",-8160.0116
"2010-07-29T11:00:00.000+00:00",-813.9540000000001
"2010-07-30T11:00:00.000+00:00",7.8752999999999815
"2010-07-31T11:00:00.000+00:00",7168.773649999998
"2010-08-01T11:00:00.000+00:00",924.4394
"2010-08-02T11:00:00.000+00:00",3696.2896
"2010-08-03T11:00:00.000+00:00",411.27
"2010-08-04T11:00:00.000+00:00",-3276.097592
"2010-08-05T11:00:00.000+00:00",4264.5205
"2010-08-06T11:00:00.000+00:00",-458.0958832000002
"2010-08-07T11:00:00.000+00:00",444.4120399999999
"2010-08-09T11:00:00.000+00:00",-40.44962
"2010-08-10T11:00:00.000+00:00",717.4743600000002
"2010-08-11T11:00:00.000+00:00",1278.7671999999998
"2010-08-12T11:00:00.000+00:00",-121.64178
"2010-08-13T11:00:00.000+00:00",42.632
"2010-08-14T11:00:00.000+00:00",1180.0931799999998
"2010-08-15T11:00:00.000+00:00",4583.859016000001
"2010-08-16T11:00:00.000+00:00",-102.26872908000013
"2010-08-17T11:00:00.000+00:00",395.308
"2010-08-18T11:00:00.000+00:00",1845.60186
"2010-08-19T11:00:00.000+00:00",949.2017199999999
"2010-08-20T11:00:00.000+00:00",1387.31092
"2010-08-21T11:00:00.000+00:00",9752.912639999999
"2010-08-22T11:00:00.000+00:00",-342.36199999999997
"2010-08-23T11:00:00.000+00:00",-1479.5929204
"2010-08-24T11:00:00.000+00:00",-38.107200000000006
"2010-08-25T11:00:00.000+00:00",1932.5458
"2010-08-26T11:00:00.000+00:00",-218.36120000000003
"2010-08-27T11:00:00.000+00:00",529.8551799999999
"2010-08-28T11:00:00.000+00:00",-333.26583999999997
"2010-08-29T11:00:00.000+00:00",-94.0762
"2010-08-30T11:00:00.000+00:00",69.7672
"2010-08-31T11:00:00.000+00:00",-105.916
"2010-09-01T11:00:00.000+00:00",3614.793199999999
"2010-09-02T11:00:00.000+00:00",1660.92
"2010-09-03T11:00:00.000+00:00",90.62
"2010-09-04T11:00:00.000+00:00",7534.579299999999
"2010-09-05T11:00:00.000+00:00",2308.0725
"2010-09-06T11:00:00.000+00:00",-3221.4709999999995
"2010-09-07T11:00:00.000+00:00",-89.47399999999999
"2010-09-08T11:00:00.000+00:00",1925.399
"2010-09-10T11:00:00.000+00:00",95.176
"2010-09-11T11:00:00.000+00:00",-621.0334
"2010-09-12T11:00:00.000+00:00",2791.5579
"2010-09-13T11:00:00.000+00:00",2535.8189999999995
"2010-09-14T11:00:00.000+00:00",-1190.864366
"2010-09-15T11:00:00.000+00:00",244.728
"2010-09-16T11:00:00.000+00:00",1915.9689
"2010-09-17T11:00:00.000+00:00",2705.7393999999995
"2010-09-18T11:00:00.000+00:00",1592.5517999999997
"2010-09-19T11:00:00.000+00:00",-1570.2484000000002
"2010-09-20T11:00:00.000+00:00",328.43330000000003
"2010-09-21T11:00:00.000+00:00",-195.832
"2010-09-22T11:00:00.000+00:00",202.33579999999998
"2010-09-23T11:00:00.000+00:00",984.2818999999998
"2010-09-24T11:00:00.000+00:00",-864.5015000000001
"2010-09-25T11:00:00.000+00:00",-117.05580000000015
"2010-09-26T11:00:00.000+00:00",-166.2003
"2010-09-27T11:00:00.000+00:00",-106.40480000000002
"2010-09-28T11:00:00.000+00:00",-25.795900000000003
"2010-09-29T11:00:00.000+00:00",-391.9665
"2010-09-30T11:00:00.000+00:00",7497.912700000001
"2010-10-01T11:00:00.000+00:00",-289.10934000000003
"2010-10-02T11:00:00.000+00:00",-1956.9564920000003
"2010-10-04T11:00:00.000+00:00",17396.40814
"2010-10-05T11:00:00.000+00:00",2088.6508440000002
"2010-10-06T11:00:00.000+00:00",-345.41880000000003
"2010-10-07T11:00:00.000+00:00",1204.7923999999998
"2010-10-08T11:00:00.000+00:00",-10.511160000000032
"2010-10-09T11:00:00.000+00:00",1278.86926
"2010-10-10T11:00:00.000+00:00",6.809099999999972
"2010-10-11T11:00:00.000+00:00",94.36439999999999
"2010-10-12T11:00:00.000+00:00",-784.9837880000001
"2010-10-13T11:00:00.000+00:00",1087.28956
"2010-10-15T11:00:00.000+00:00",-882.995048
"2010-10-17T11:00:00.000+00:00",-14588.831687999998
"2010-10-18T11:00:00.000+00:00",1335.555
"2010-10-19T11:00:00.000+00:00",-285.06147999999996
"2010-10-20T11:00:00.000+00:00",8634.24928
"2010-10-21T11:00:00.000+00:00",12672.990399999999
"2010-10-22T11:00:00.000+00:00",590.1674999999999
"2010-10-23T11:00:00.000+00:00",2810.91234
"2010-10-24T11:00:00.000+00:00",14.838
"2010-10-25T11:00:00.000+00:00",10634.2964
"2010-10-26T11:00:00.000+00:00",-801.1547999999999
"2010-10-27T11:00:00.000+00:00",680.53836
"2010-10-28T11:00:00.000+00:00",5282.57812
"2010-10-29T11:00:00.000+00:00",100.11529999999992
"2010-10-30T11:00:00.000+00:00",2692.1977
"2010-10-31T11:00:00.000+00:00",-382.92216
"2010-11-01T11:00:00.000+00:00",58.57599999999999
"2010-11-02T11:00:00.000+00:00",959.7224000000002
"2010-11-03T11:00:00.000+00:00",2254.6629000000003
"2010-11-04T11:00:00.000+00:00",1024.1636999999998
"2010-11-05T11:00:00.000+00:00",6123.627599999999
"2010-11-06T11:00:00.000+00:00",17.833000000000016
"2010-11-07T11:00:00.000+00:00",39.88330000000001
"2010-11-08T11:00:00.000+00:00",2264.9537
"2010-11-09T11:00:00.000+00:00",2.1400000000000023
"2010-11-10T11:00:00.000+00:00",763.1044599999999
"2010-11-11T11:00:00.000+00:00",5186.579999999999
"2010-11-12T11:00:00.000+00:00",0.696
"2010-11-13T11:00:00.000+00:00",470.33799999999997
"2010-11-14T11:00:00.000+00:00",486.35190000000006
"2010-11-15T11:00:00.000+00:00",238.57000000000016
"2010-11-16T11:00:00.000+00:00",2775.7019999999998
"2010-11-17T11:00:00.000+00:00",4375.221
"2010-11-18T11:00:00.000+00:00",-36.142
"2010-11-19T11:00:00.000+00:00",1534.8820000000005
"2010-11-20T11:00:00.000+00:00",4602.9729354
"2010-11-21T11:00:00.000+00:00",94.86399999999999
"2010-11-22T11:00:00.000+00:00",1006.538
"2010-11-23T11:00:00.000+00:00",8564.353099999998
"2010-11-24T11:00:00.000+00:00",203.40910000000017
"2010-11-25T11:00:00.000+00:00",5464.679
"2010-11-26T11:00:00.000+00:00",655.742
"2010-11-28T11:00:00.000+00:00",1577.0107
"2010-11-29T11:00:00.000+00:00",2055.0465999999997
"2010-11-30T11:00:00.000+00:00",1586.7334
"2010-12-01T11:00:00.000+00:00",-2397.8807
"2010-12-02T11:00:00.000+00:00",202.422
"2010-12-03T11:00:00.000+00:00",-10.435
"2010-12-04T11:00:00.000+00:00",-102.614
"2010-12-05T11:00:00.000+00:00",10998.3087
"2010-12-06T11:00:00.000+00:00",1896.7814999999998
"2010-12-07T11:00:00.000+00:00",-1428.2294
"2010-12-08T11:00:00.000+00:00",2663.7036
"2010-12-09T11:00:00.000+00:00",-105.98045
"2010-12-10T11:00:00.000+00:00",-95.36999999999999
"2010-12-11T11:00:00.000+00:00",726.6338000000002
"2010-12-12T11:00:00.000+00:00",4051.965739999999
"2010-12-13T11:00:00.000+00:00",5049.38205
"2010-12-14T11:00:00.000+00:00",-70.19755000000005
"2010-12-15T11:00:00.000+00:00",-203.09799999999998
"2010-12-16T11:00:00.000+00:00",-30.925099999999958
"2010-12-17T11:00:00.000+00:00",1095.838
"2010-12-18T11:00:00.000+00:00",-387.3913
"2010-12-19T11:00:00.000+00:00",1121.3103749999998
"2010-12-20T11:00:00.000+00:00",7485.138099999999
"2010-12-21T11:00:00.000+00:00",521.2910999999998
"2010-12-22T11:00:00.000+00:00",1544.9672999999998
"2010-12-23T11:00:00.000+00:00",-2026.5356000000004
"2010-12-24T11:00:00.000+00:00",-41.07625
"2010-12-25T11:00:00.000+00:00",-326.6946450000001
"2010-12-26T11:00:00.000+00:00",398.1011
"2010-12-27T11:00:00.000+00:00",-395.2763
"2010-12-28T11:00:00.000+00:00",1296.6365999999998
"2010-12-29T11:00:00.000+00:00",918.4799999999999
"2010-12-30T11:00:00.000+00:00",9243.257699999998
"2010-12-31T11:00:00.000+00:00",2653.7814
"2011-01-01T11:00:00.000+00:00",-288.89480000000003
"2011-01-02T11:00:00.000+00:00",757.5255399999999
"2011-01-03T11:00:00.000+00:00",5401.440199999999
"2011-01-04T11:00:00.000+00:00",-982.8324
"2011-01-05T11:00:00.000+00:00",467.08629999999994
"2011-01-06T11:00:00.000+00:00",-131.86270000000002
"2011-01-07T11:00:00.000+00:00",-68.3262
"2011-01-08T11:00:00.000+00:00",-37.00115600000001
"2011-01-09T11:00:00.000+00:00",4972.133199999999
"2011-01-10T11:00:00.000+00:00",6439.668299999999
"2011-01-11T11:00:00.000+00:00",989.5908000000001
"2011-01-12T11:00:00.000+00:00",-281.783862
"2011-01-13T11:00:00.000+00:00",1219.32432
"2011-01-14T11:00:00.000+00:00",859.59964
"2011-01-15T11:00:00.000+00:00",679.0340999999999
"2011-01-16T11:00:00.000+00:00",-1349.0867999999998
"2011-01-17T11:00:00.000+00:00",-97.8608
"2011-01-18T11:00:00.000+00:00",-10475.106355999998
"2011-01-19T11:00:00.000+00:00",-51.670000000000016
"2011-01-20T11:00:00.000+00:00",-2598.8064759999993
"2011-01-21T11:00:00.000+00:00",-31.272799999999997
"2011-01-22T11:00:00.000+00:00",-1439.1693400000001
"2011-01-23T11:00:00.000+00:00",783.9261999999999
"2011-01-24T11:00:00.000+00:00",139.87612000000004
"2011-01-25T11:00:00.000+00:00",-1841.4158738400001
"2011-01-26T11:00:00.000+00:00",-301.764
"2011-01-27T11:00:00.000+00:00",-3.2736
"2011-01-28T11:00:00.000+00:00",651.5598999999999
"2011-01-29T11:00:00.000+00:00",1404.7736
"2011-01-30T11:00:00.000+00:00",-312.6817199999999
"2011-01-31T11:00:00.000+00:00",1740.2003
"2011-02-01T11:00:00.000+00:00",774.6343999999998
"2011-02-02T11:00:00.000+00:00",-1363.3953999999997
"2011-02-03T11:00:00.000+00:00",-121.54002000000001
"2011-02-04T11:00:00.000+00:00",-991.6749632000004
"2011-02-05T11:00:00.000+00:00",825.9621999999999
"2011-02-06T11:00:00.000+00:00",429.0466
"2011-02-07T11:00:00.000+00:00",-719.774983
"2011-02-08T11:00:00.000+00:00",-2631.1065
"2011-02-09T11:00:00.000+00:00",74.97590000000001
"2011-02-10T11:00:00.000+00:00",1643.4639999999997
"2011-02-11T11:00:00.000+00:00",5.309399999999982
"2011-02-12T11:00:00.000+00:00",-291.37449999999995
"2011-02-13T11:00:00.000+00:00",-213.02999999999997
"2011-02-14T11:00:00.000+00:00",307.77829999999994
"2011-02-15T11:00:00.000+00:00",35.4235
"2011-02-16T11:00:00.000+00:00",117.1206
"2011-02-17T11:00:00.000+00:00",1699.5794999999996
"2011-02-18T11:00:00.000+00:00",-77.28
"2011-02-19T11:00:00.000+00:00",-980.3737
"2011-02-20T11:00:00.000+00:00",-4708.37058
"2011-02-21T11:00:00.000+00:00",83.4596
"2011-02-22T11:00:00.000+00:00",-1206.699
"2011-02-23T11:00:00.000+00:00",-1897.9577
"2011-02-24T11:00:00.000+00:00",1180.6952
"2011-02-25T11:00:00.000+00:00",-468.4041000000001
"2011-02-26T11:00:00.000+00:00",-2565.12985
"2011-02-27T11:00:00.000+00:00",4228.097400000001
"2011-02-28T11:00:00.000+00:00",1599.2363999999998
"2011-03-01T11:00:00.000+00:00",-95.53460000000001
"2011-03-02T11:00:00.000+00:00",50.45829999999996
"2011-03-03T11:00:00.000+00:00",-1028.900366
"2011-03-04T11:00:00.000+00:00",-1194.42
"2011-03-05T11:00:00.000+00:00",331.7095
"2011-03-07T11:00:00.000+00:00",2182.8605
"2011-03-08T11:00:00.000+00:00",-642.7006000000001
"2011-03-09T11:00:00.000+00:00",-26.411199999999994
"2011-03-10T11:00:00.000+00:00",-1176.3282
"2011-03-11T11:00:00.000+00:00",-124.096
"2011-03-12T11:00:00.000+00:00",-960.548566
"2011-03-13T11:00:00.000+00:00",-482.8417
"2011-03-14T11:00:00.000+00:00",-2149.989
"2011-03-15T11:00:00.000+00:00",583.0346
"2011-03-16T11:00:00.000+00:00",32.644000000000005
"2011-03-17T11:00:00.000+00:00",-390.754
"2011-03-19T11:00:00.000+00:00",617.2262
"2011-03-20T11:00:00.000+00:00",-1217.5925
"2011-03-21T11:00:00.000+00:00",-170.67032
"2011-03-22T11:00:00.000+00:00",75.71
"2011-03-23T11:00:00.000+00:00",-101.85
"2011-03-24T11:00:00.000+00:00",2008.6419999999998
"2011-03-25T11:00:00.000+00:00",-350.8018060000003
"2011-03-26T11:00:00.000+00:00",-863.6401000000001
"2011-03-27T11:00:00.000+00:00",-2378.0503
"2011-03-28T11:00:00.000+00:00",-1230.0164790000001
"2011-03-29T11:00:00.000+00:00",1657.5586999999998
"2011-03-30T11:00:00.000+00:00",57.13977999999998
"2011-03-31T11:00:00.000+00:00",773.3720999999999
"2011-04-01T11:00:00.000+00:00",2800.0449
"2011-04-02T11:00:00.000+00:00",-295.00199999999995
"2011-04-03T11:00:00.000+00:00",-4541.531112400001
"2011-04-04T11:00:00.000+00:00",299.3505
"2011-04-05T11:00:00.000+00:00",-910.74
"2011-04-06T11:00:00.000+00:00",-480.3333660000001
"2011-04-07T11:00:00.000+00:00",-408.54010000000005
"2011-04-08T11:00:00.000+00:00",-488.6583999999999
"2011-04-09T11:00:00.000+00:00",4.08
"2011-04-10T11:00:00.000+00:00",1529.9922000000001
"2011-04-11T11:00:00.000+00:00",-1638.3039000000003
"2011-04-12T11:00:00.000+00:00",-111.87472000000008
"2011-04-15T11:00:00.000+00:00",-130.1336000000003
"2011-04-16T11:00:00.000+00:00",3526.3568999999998
"2011-04-17T11:00:00.000+00:00",44.55
"2011-04-18T11:00:00.000+00:00",-41.26
"2011-04-19T11:00:00.000+00:00",105.91399999999997
"2011-04-20T11:00:00.000+00:00",6011.9412999999995
"2011-04-22T11:00:00.000+00:00",-996.2397000000001
"2011-04-23T11:00:00.000+00:00",18.0918
"2011-04-24T11:00:00.000+00:00",530.911
"2011-04-25T11:00:00.000+00:00",4518.051
"2011-04-26T11:00:00.000+00:00",2331.8721000000005
"2011-04-27T11:00:00.000+00:00",218.94349999999997
"2011-04-28T11:00:00.000+00:00",-1060.6724000000002
"2011-04-29T11:00:00.000+00:00",-5850.9755000000005
"2011-04-30T11:00:00.000+00:00",2314.1848
"2011-05-01T11:00:00.000+00:00",89.24940000000004
"2011-05-02T11:00:00.000+00:00",1043.4605999999999
"2011-05-03T11:00:00.000+00:00",893.9042000000002
"2011-05-04T11:00:00.000+00:00",-177.3572
"2011-05-05T11:00:00.000+00:00",583.7173
"2011-05-06T11:00:00.000+00:00",-502.07500000000016
"2011-05-07T11:00:00.000+00:00",2095.6648999999998
"2011-05-08T11:00:00.000+00:00",-473.63919999999996
"2011-05-09T11:00:00.000+00:00",-12.335999999999999
"2011-05-10T11:00:00.000+00:00",-142.0702
"2011-05-11T11:00:00.000+00:00",8395.906
"2011-05-12T11:00:00.000+00:00",-831.1628999999998
"2011-05-13T11:00:00.000+00:00",1777.5695
"2011-05-14T11:00:00.000+00:00",2374.4272999999994
"2011-05-15T11:00:00.000+00:00",1994.6849
"2011-05-16T11:00:00.000+00:00",-45.87
"2011-05-17T11:00:00.000+00:00",3350.119099999999
"2011-05-18T11:00:00.000+00:00",7.27
"2011-05-19T11:00:00.000+00:00",1747.967
"2011-05-20T11:00:00.000+00:00",-278.7471999999999
"2011-05-21T11:00:00.000+00:00",-6383.263340000001
"2011-05-22T11:00:00.000+00:00",-43.45
"2011-05-23T11:00:00.000+00:00",-613.3536762000001
"2011-05-24T11:00:00.000+00:00",2421.3264
"2011-05-25T11:00:00.000+00:00",1159.2933
"2011-05-26T11:00:00.000+00:00",657.3992999999998
"2011-05-27T11:00:00.000+00:00",-786.13432
"2011-05-28T11:00:00.000+00:00",614.487
"2011-05-29T11:00:00.000+00:00",3580.71856
"2011-05-30T11:00:00.000+00:00",-48.79919999999999
"2011-05-31T11:00:00.000+00:00",374.9397
"2011-06-01T11:00:00.000+00:00",5449.558799999999
"2011-06-02T11:00:00.000+00:00",-299.4305648000002
"2011-06-03T11:00:00.000+00:00",2182.0308885
"2011-06-04T11:00:00.000+00:00",-401.9928
"2011-06-05T11:00:00.000+00:00",1479.129
"2011-06-06T11:00:00.000+00:00",1658.3755999999998
"2011-06-07T11:00:00.000+00:00",388.89459999999997
"2011-06-08T11:00:00.000+00:00",1044.3881999999999
"2011-06-09T11:00:00.000+00:00",-661.0648000000001
"2011-06-10T11:00:00.000+00:00",183.49949999999995
"2011-06-11T11:00:00.000+00:00",3.348
"2011-06-13T11:00:00.000+00:00",-768.7424000000001
"2011-06-14T11:00:00.000+00:00",-404.78600000000006
"2011-06-15T11:00:00.000+00:00",25.743480000000005
"2011-06-16T11:00:00.000+00:00",3272.2446072
"2011-06-17T11:00:00.000+00:00",3625.8227999999995
"2011-06-18T11:00:00.000+00:00",2904.6998999999996
"2011-06-19T11:00:00.000+00:00",2166.5883
"2011-06-20T11:00:00.000+00:00",98.98779999999996
"2011-06-21T11:00:00.000+00:00",339.36400000000003
"2011-06-22T11:00:00.000+00:00",-306.2527999999999
"2011-06-23T11:00:00.000+00:00",2633.2374
"2011-06-24T11:00:00.000+00:00",61.000000000000014
"2011-06-25T11:00:00.000+00:00",3921.841
"2011-06-26T11:00:00.000+00:00",-357.00800000000004
"2011-06-27T11:00:00.000+00:00",2715.4684999999995
"2011-06-28T11:00:00.000+00:00",1360.6609
"2011-06-29T11:00:00.000+00:00",-548.4108000000001
"2011-06-30T11:00:00.000+00:00",733.5901
"2011-07-03T11:00:00.000+00:00",-1677.627637
"2011-07-04T11:00:00.000+00:00",3195.6082999999994
"2011-07-05T11:00:00.000+00:00",-66.291
"2011-07-07T11:00:00.000+00:00",-612.750957
"2011-07-09T11:00:00.000+00:00",-3332.38
"2011-07-10T11:00:00.000+00:00",-37.06
"2011-07-14T11:00:00.000+00:00",-321.6961
"2011-07-15T11:00:00.000+00:00",903.2171999999999
"2011-07-16T11:00:00.000+00:00",1769.3298
"2011-07-17T11:00:00.000+00:00",4353.8286
"2011-07-18T11:00:00.000+00:00",-399.5241000000001
"2011-07-19T11:00:00.000+00:00",1352.6046999999999
"2011-07-20T11:00:00.000+00:00",2346.1740000000004
"2011-07-21T11:00:00.000+00:00",2181.7472
"2011-07-22T11:00:00.000+00:00",350.34159999999997
"2011-07-23T11:00:00.000+00:00",1305.0451999999998
"2011-07-24T11:00:00.000+00:00",1705.2504999999996
"2011-07-25T11:00:00.000+00:00",1151.2974000000004
"2011-07-26T11:00:00.000+00:00",731.6743
"2011-07-27T11:00:00.000+00:00",-166.62606600000015
"2011-07-28T11:00:00.000+00:00",-271.46580000000006
"2011-07-29T11:00:00.000+00:00",2642.1062999999995
"2011-07-30T11:00:00.000+00:00",-526.6130499999999
"2011-07-31T11:00:00.000+00:00",342.8067999999999
"2011-08-01T11:00:00.000+00:00",53.7038
"2011-08-02T11:00:00.000+00:00",938.7193
"2011-08-03T11:00:00.000+00:00",-826.0077200000001
"2011-08-04T11:00:00.000+00:00",7533.17212
"2011-08-05T11:00:00.000+00:00",781.6923599999998
"2011-08-06T11:00:00.000+00:00",4801.84042
"2011-08-07T11:00:00.000+00:00",2269.0036
"2011-08-08T11:00:00.000+00:00",546.2108999999999
"2011-08-09T11:00:00.000+00:00",628.2946799999999
"2011-08-10T11:00:00.000+00:00",1502.3015999999998
"2011-08-11T11:00:00.000+00:00",7.283200000000013
"2011-08-12T11:00:00.000+00:00",5125.457299999999
"2011-08-13T11:00:00.000+00:00",518.68564
"2011-08-14T11:00:00.000+00:00",1493.4108999999999
"2011-08-15T11:00:00.000+00:00",198.00925599999997
"2011-08-16T11:00:00.000+00:00",48.25632000000008
"2011-08-17T11:00:00.000+00:00",958.8534
"2011-08-18T11:00:00.000+00:00",203.15500000000003
"2011-08-19T11:00:00.000+00:00",-456.1259
"2011-08-20T11:00:00.000+00:00",-432.7214000000001
"2011-08-21T11:00:00.000+00:00",53.3164
"2011-08-22T11:00:00.000+00:00",2594.8898999999997
"2011-08-23T11:00:00.000+00:00",2206.6305999999995
"2011-08-24T11:00:00.000+00:00",747.5444
"2011-08-25T11:00:00.000+00:00",-69.0851
"2011-08-26T11:00:00.000+00:00",1933.0723399999995
"2011-08-27T11:00:00.000+00:00",1602.9510599999999
"2011-08-28T11:00:00.000+00:00",976.7519199999999
"2011-08-29T11:00:00.000+00:00",55.38439999999997
"2011-08-30T11:00:00.000+00:00",368.6847296799999
"2011-08-31T11:00:00.000+00:00",-28.077399999999994
"2011-09-01T11:00:00.000+00:00",1238.8175
"2011-09-02T11:00:00.000+00:00",262.79
"2011-09-03T11:00:00.000+00:00",-1033.6768
"2011-09-04T11:00:00.000+00:00",226.96820000000005
"2011-09-05T11:00:00.000+00:00",-173.70600000000013
"2011-09-06T11:00:00.000+00:00",4531.307400000001
"2011-09-07T11:00:00.000+00:00",-33.22270000000002
"2011-09-08T11:00:00.000+00:00",-446.008
"2011-09-09T11:00:00.000+00:00",-180.5779999999999
"2011-09-10T11:00:00.000+00:00",1925.8533999999997
"2011-09-11T11:00:00.000+00:00",498.7565000000001
"2011-09-12T11:00:00.000+00:00",-2559.6138
"2011-09-13T11:00:00.000+00:00",-797.9044
"2011-09-14T11:00:00.000+00:00",7920.3369999999995
"2011-09-15T11:00:00.000+00:00",-589.5579999999999
"2011-09-17T11:00:00.000+00:00",1828.9990169999999
"2011-09-18T11:00:00.000+00:00",-442.8571
"2011-09-19T11:00:00.000+00:00",-1093.3279000000002
"2011-09-20T11:00:00.000+00:00",-2541.7500000000005
"2011-09-21T11:00:00.000+00:00",-514.5500000000001
"2011-09-22T11:00:00.000+00:00",-977.9039999999999
"2011-09-23T11:00:00.000+00:00",136.52929999999995
"2011-09-24T11:00:00.000+00:00",4965.141500000001
"2011-09-25T11:00:00.000+00:00",2616.606
"2011-09-26T11:00:00.000+00:00",1437.5924649999997
"2011-09-27T11:00:00.000+00:00",-617.6912
"2011-09-28T11:00:00.000+00:00",6043.882500000001
"2011-09-29T11:00:00.000+00:00",12260.008999999998
"2011-09-30T11:00:00.000+00:00",1740.6899999999998
"2011-10-01T11:00:00.000+00:00",-14.132799999999996
"2011-10-02T11:00:00.000+00:00",-559.20136
"2011-10-03T11:00:00.000+00:00",-315.1452
"2011-10-04T11:00:00.000+00:00",4814.462708
"2011-10-05T11:00:00.000+00:00",-220.038
"2011-10-06T11:00:00.000+00:00",-1659.1355880000003
"2011-10-07T11:00:00.000+00:00",291.50302000000005
"2011-10-08T11:00:00.000+00:00",-581.9603999999999
"2011-10-09T11:00:00.000+00:00",-2990.8949999999995
"2011-10-10T11:00:00.000+00:00",811.1718999999999
"2011-10-11T11:00:00.000+00:00",-869.04308
"2011-10-12T11:00:00.000+00:00",10941.87972
"2011-10-13T11:00:00.000+00:00",232.32017999999994
"2011-10-14T11:00:00.000+00:00",-331.22871999999995
"2011-10-15T11:00:00.000+00:00",7502.647200000002
"2011-10-16T11:00:00.000+00:00",2369.7612799999997
"2011-10-17T11:00:00.000+00:00",161.9568
"2011-10-18T11:00:00.000+00:00",473.5953999999999
"2011-10-19T11:00:00.000+00:00",1077.6368
"2011-10-20T11:00:00.000+00:00",2015.9312
"2011-10-21T11:00:00.000+00:00",-716.4369600000001
"2011-10-22T11:00:00.000+00:00",1447.3976647200002
"2011-10-23T11:00:00.000+00:00",1341.0543199999997
"2011-10-24T11:00:00.000+00:00",2326.85564
"2011-10-25T11:00:00.000+00:00",212.9432
"2011-10-26T11:00:00.000+00:00",959.5696599999994
"2011-10-27T11:00:00.000+00:00",182.9289
"2011-10-28T11:00:00.000+00:00",-78.51924000000001
"2011-10-29T11:00:00.000+00:00",1480.461632
"2011-10-30T11:00:00.000+00:00",375.21365499999956
"2011-10-31T11:00:00.000+00:00",2575.602954
"2011-11-01T11:00:00.000+00:00",2773.7284999999997
"2011-11-03T11:00:00.000+00:00",-1266.2006399999998
"2011-11-04T11:00:00.000+00:00",2414.027400000001
"2011-11-05T11:00:00.000+00:00",1924.3405000000002
"2011-11-06T11:00:00.000+00:00",3767.6343000000006
"2011-11-07T11:00:00.000+00:00",717.1419000000001
"2011-11-08T11:00:00.000+00:00",186.7966
"2011-11-09T11:00:00.000+00:00",2228.2707
"2011-11-10T11:00:00.000+00:00",586.4356
"2011-11-11T11:00:00.000+00:00",1143.7899
"2011-11-12T11:00:00.000+00:00",1072.9772000000003
"2011-11-13T11:00:00.000+00:00",4292.663300000001
"2011-11-14T11:00:00.000+00:00",772.0631600000004
"2011-11-16T11:00:00.000+00:00",-8.725699999999932
"2011-11-17T11:00:00.000+00:00",6619.597020000001
"2011-11-18T11:00:00.000+00:00",813.5308000000002
"2011-11-19T11:00:00.000+00:00",308.97400000000005
"2011-11-20T11:00:00.000+00:00",966.9608999999999
"2011-11-21T11:00:00.000+00:00",1869.2771000000002
"2011-11-22T11:00:00.000+00:00",14193.247800000001
"2011-11-23T11:00:00.000+00:00",3935.8782000000006
"2011-11-24T11:00:00.000+00:00",1616.6625250000006
"2011-11-25T11:00:00.000+00:00",1067.0739158000003
"2011-11-26T11:00:00.000+00:00",9160.6867
"2011-11-27T11:00:00.000+00:00",2418.6463999999996
"2011-11-29T11:00:00.000+00:00",-229.52800000000005
"2011-11-30T11:00:00.000+00:00",747.6018
"2011-12-01T11:00:00.000+00:00",348.0048500000001
"2011-12-02T11:00:00.000+00:00",1520.9788314999996
"2011-12-03T11:00:00.000+00:00",2690.3595
"2011-12-04T11:00:00.000+00:00",-468.29840000000013
"2011-12-05T11:00:00.000+00:00",4185.334746499999
"2011-12-06T11:00:00.000+00:00",451.90889999999996
"2011-12-07T11:00:00.000+00:00",740.24955
"2011-12-08T11:00:00.000+00:00",5601.295999999999
"2011-12-09T11:00:00.000+00:00",6871.1037
"2011-12-10T11:00:00.000+00:00",1446.7744
"2011-12-11T11:00:00.000+00:00",-261.313
"2011-12-12T11:00:00.000+00:00",891.3397499999998
"2011-12-13T11:00:00.000+00:00",540.7425
"2011-12-14T11:00:00.000+00:00",-17.207599999999992
"2011-12-15T11:00:00.000+00:00",1467.5991
"2011-12-16T11:00:00.000+00:00",45.640799999999984
"2011-12-17T11:00:00.000+00:00",9278.7501
"2011-12-18T11:00:00.000+00:00",-0.73
"2011-12-19T11:00:00.000+00:00",497.3182999999999
"2011-12-20T11:00:00.000+00:00",833.474717
"2011-12-21T11:00:00.000+00:00",5597.893499999999
"2011-12-22T11:00:00.000+00:00",2843.2770000000005
"2011-12-23T11:00:00.000+00:00",-273.805
"2011-12-24T11:00:00.000+00:00",725.9750999999999
"2011-12-25T11:00:00.000+00:00",-6459.12783
"2011-12-26T11:00:00.000+00:00",12133.416799999999
"2011-12-27T11:00:00.000+00:00",391.305
"2011-12-28T11:00:00.000+00:00",814.3653
"2011-12-29T11:00:00.000+00:00",-1410.1091000000001
"2011-12-30T11:00:00.000+00:00",2346.699
"2011-12-31T11:00:00.000+00:00",844.1683
"2012-01-01T11:00:00.000+00:00",-131.80270000000004
"2012-01-02T11:00:00.000+00:00",428.2815
"2012-01-03T11:00:00.000+00:00",391.3927999999999
"2012-01-04T11:00:00.000+00:00",9702.358096
"2012-01-05T11:00:00.000+00:00",-153.24580000000003
"2012-01-06T11:00:00.000+00:00",2700.314216
"2012-01-07T11:00:00.000+00:00",693.3770399999999
"2012-01-08T11:00:00.000+00:00",453.77164
"2012-01-09T11:00:00.000+00:00",-4223.334419999999
"2012-01-10T11:00:00.000+00:00",-1333.2437600000003
"2012-01-11T11:00:00.000+00:00",1442.31324
"2012-01-13T11:00:00.000+00:00",338.2352
"2012-01-14T11:00:00.000+00:00",-1298.0072
"2012-01-15T11:00:00.000+00:00",233.93599999999998
"2012-01-16T11:00:00.000+00:00",-109.1015
"2012-01-17T11:00:00.000+00:00",-184.34900000000002
"2012-01-18T11:00:00.000+00:00",405.04820000000007
"2012-01-19T11:00:00.000+00:00",530.4348200000002
"2012-01-20T11:00:00.000+00:00",-362.8736
"2012-01-21T11:00:00.000+00:00",-332.03229999999996
"2012-01-22T11:00:00.000+00:00",484.0717000000001
"2012-01-23T11:00:00.000+00:00",-31.183200000000003
"2012-01-24T11:00:00.000+00:00",214.57119999999995
"2012-01-25T11:00:00.000+00:00",-254.978908
"2012-01-26T11:00:00.000+00:00",-1116.8320799999997
"2012-01-27T11:00:00.000+00:00",1866.9930399999998
"2012-01-28T11:00:00.000+00:00",-276.859
"2012-01-29T11:00:00.000+00:00",-820.6757599999999
"2012-01-30T11:00:00.000+00:00",2.1692
"2012-01-31T11:00:00.000+00:00",460.9154
"2012-02-01T11:00:00.000+00:00",89.47649999999997
"2012-02-02T11:00:00.000+00:00",-505.6389000000004
"2012-02-03T11:00:00.000+00:00",84.47459999999995
"2012-02-04T11:00:00.000+00:00",611.4244000000001
"2012-02-05T11:00:00.000+00:00",-1155.9637000000002
"2012-02-06T11:00:00.000+00:00",5979.788512
"2012-02-07T11:00:00.000+00:00",-1713.6189
"2012-02-08T11:00:00.000+00:00",-449.57899999999995
"2012-02-09T11:00:00.000+00:00",-193.01
"2012-02-10T11:00:00.000+00:00",-1352.3211
"2012-02-11T11:00:00.000+00:00",1860.8857
"2012-02-12T11:00:00.000+00:00",-563.1566359999999
"2012-02-13T11:00:00.000+00:00",-2964.8713
"2012-02-14T11:00:00.000+00:00",516.513068
"2012-02-15T11:00:00.000+00:00",1409.6055000000001
"2012-02-16T11:00:00.000+00:00",126.50970000000002
"2012-02-17T11:00:00.000+00:00",-366.7192
"2012-02-18T11:00:00.000+00:00",5001.147
"2012-02-19T11:00:00.000+00:00",954.7745000000001
"2012-02-20T11:00:00.000+00:00",763.0775000000001
"2012-02-21T11:00:00.000+00:00",-895.893
"2012-02-22T11:00:00.000+00:00",695.7903999999999
"2012-02-23T11:00:00.000+00:00",65.496
"2012-02-24T11:00:00.000+00:00",2615.191
"2012-02-25T11:00:00.000+00:00",743.0200000000001
"2012-02-26T11:00:00.000+00:00",120.25730000000007
"2012-02-27T11:00:00.000+00:00",352.659
"2012-02-28T11:00:00.000+00:00",-800.1125000000002
"2012-03-01T11:00:00.000+00:00",1120.8138
"2012-03-02T11:00:00.000+00:00",1322.9949999999997
"2012-03-03T11:00:00.000+00:00",44.73169999999999
"2012-03-04T11:00:00.000+00:00",-1988.587
"2012-03-05T11:00:00.000+00:00",2989.829899999999
"2012-03-07T11:00:00.000+00:00",296.0100000000001
"2012-03-08T11:00:00.000+00:00",-842.1605000000001
"2012-03-09T11:00:00.000+00:00",-317.4295
"2012-03-10T11:00:00.000+00:00",3188.8599000000004
"2012-03-11T11:00:00.000+00:00",-596.008
"2012-03-12T11:00:00.000+00:00",-242.4661
"2012-03-13T11:00:00.000+00:00",-161.18249999999998
"2012-03-14T11:00:00.000+00:00",22.38
"2012-03-15T11:00:00.000+00:00",1178.1868000000002
"2012-03-16T11:00:00.000+00:00",4926.5795
"2012-03-17T11:00:00.000+00:00",-3101.36637
"2012-03-18T11:00:00.000+00:00",-5951.248800000001
"2012-03-19T11:00:00.000+00:00",1323.0922999999998
"2012-03-20T11:00:00.000+00:00",1442.6475
"2012-03-21T11:00:00.000+00:00",-1347.2375000000002
"2012-03-22T11:00:00.000+00:00",637.0799999999999
"2012-03-23T11:00:00.000+00:00",-394.1843
"2012-03-24T11:00:00.000+00:00",-950.826
"2012-03-25T11:00:00.000+00:00",-221.26678000000004
"2012-03-26T11:00:00.000+00:00",2959.39236
"2012-03-27T11:00:00.000+00:00",-84.61055999999996
"2012-03-28T11:00:00.000+00:00",-48.01650000000001
"2012-03-29T11:00:00.000+00:00",806.0979
"2012-03-30T11:00:00.000+00:00",1034.1444000000001
"2012-03-31T11:00:00.000+00:00",-144.399
"2012-04-01T11:00:00.000+00:00",1089.1
"2012-04-02T11:00:00.000+00:00",-611.6176
"2012-04-03T11:00:00.000+00:00",42.5756999999999
"2012-04-04T11:00:00.000+00:00",-541.6298999999999
"2012-04-05T11:00:00.000+00:00",2678.5067
"2012-04-06T11:00:00.000+00:00",-1410.4740000000002
"2012-04-07T11:00:00.000+00:00",-67.83999999999999
"2012-04-08T11:00:00.000+00:00",-677.9149000000002
"2012-04-09T11:00:00.000+00:00",-6810.674975
"2012-04-10T11:00:00.000+00:00",-228.58229999999995
"2012-04-11T11:00:00.000+00:00",1588.6173
"2012-04-12T11:00:00.000+00:00",-901.732
"2012-04-13T11:00:00.000+00:00",1442.9442
"2012-04-14T11:00:00.000+00:00",-86.68
"2012-04-15T11:00:00.000+00:00",1156.0171
"2012-04-16T11:00:00.000+00:00",2425.8931000000002
"2012-04-17T11:00:00.000+00:00",452.1554
"2012-04-18T11:00:00.000+00:00",-190.32509999999996
"2012-04-19T11:00:00.000+00:00",-532.042
"2012-04-20T11:00:00.000+00:00",-91.54250000000002
"2012-04-21T11:00:00.000+00:00",1058.392
"2012-04-22T11:00:00.000+00:00",6142.140999999999
"2012-04-23T11:00:00.000+00:00",-230.10639999999998
"2012-04-24T11:00:00.000+00:00",2240.9064999999996
"2012-04-25T11:00:00.000+00:00",402.4996
"2012-04-26T11:00:00.000+00:00",-87.375
"2012-04-28T11:00:00.000+00:00",-1315.6629
"2012-04-29T11:00:00.000+00:00",4523.4909
"2012-04-30T11:00:00.000+00:00",3464.7730999999994
"2012-05-01T11:00:00.000+00:00",-882.0385000000001
"2012-05-02T11:00:00.000+00:00",3557.8864000000003
"2012-05-03T11:00:00.000+00:00",39.84469999999999
"2012-05-04T11:00:00.000+00:00",-656.6892
"2012-05-05T11:00:00.000+00:00",2796.3795
"2012-05-06T11:00:00.000+00:00",2221.8338999999996
"2012-05-07T11:00:00.000+00:00",1702.4424
"2012-05-08T11:00:00.000+00:00",1576.4575
"2012-05-09T11:00:00.000+00:00",-866.8475160000002
"2012-05-10T11:00:00.000+00:00",-157.892
"2012-05-11T11:00:00.000+00:00",-13.510200000000026
"2012-05-12T11:00:00.000+00:00",-143.6456
"2012-05-13T11:00:00.000+00:00",-144.14000000000001
"2012-05-14T11:00:00.000+00:00",-815.5664060000001
"2012-05-15T11:00:00.000+00:00",679.2290999999999
"2012-05-16T11:00:00.000+00:00",-188.22000000000003
"2012-05-17T11:00:00.000+00:00",-331.03059999999994
"2012-05-18T11:00:00.000+00:00",5159.546
"2012-05-19T11:00:00.000+00:00",-368.15934000000004
"2012-05-20T11:00:00.000+00:00",207.9950999999998
"2012-05-21T11:00:00.000+00:00",-13277.643779999999
"2012-05-22T11:00:00.000+00:00",4645.8267000000005
"2012-05-23T11:00:00.000+00:00",4029.5854
"2012-05-24T11:00:00.000+00:00",-373.99219999999997
"2012-05-25T11:00:00.000+00:00",6395.9385
"2012-05-26T11:00:00.000+00:00",-112.60769999999997
"2012-05-27T11:00:00.000+00:00",-494.95140000000004
"2012-05-28T11:00:00.000+00:00",-566.7560000000001
"2012-05-30T11:00:00.000+00:00",804.2375999999999
"2012-05-31T11:00:00.000+00:00",-1959.7846000000009
"2012-06-01T11:00:00.000+00:00",-3178.0214300000002
"2012-06-02T11:00:00.000+00:00",-1990.2896
"2012-06-03T11:00:00.000+00:00",1410.4256799999998
"2012-06-04T11:00:00.000+00:00",17.0292
"2012-06-05T11:00:00.000+00:00",2288.4835000000003
"2012-06-06T11:00:00.000+00:00",-143.834
"2012-06-07T11:00:00.000+00:00",161.8511999999999
"2012-06-08T11:00:00.000+00:00",492.55089999999984
"2012-06-09T11:00:00.000+00:00",1849.7887999999998
"2012-06-10T11:00:00.000+00:00",2855.3808
"2012-06-11T11:00:00.000+00:00",-6.102199999999925
"2012-06-12T11:00:00.000+00:00",-252.45200000000003
"2012-06-13T11:00:00.000+00:00",1494.8787000000002
"2012-06-14T11:00:00.000+00:00",250.04430000000002
"2012-06-15T11:00:00.000+00:00",-11.065899999999996
"2012-06-16T11:00:00.000+00:00",-185.27569999999997
"2012-06-17T11:00:00.000+00:00",-154.5781
"2012-06-18T11:00:00.000+00:00",249.7215
"2012-06-19T11:00:00.000+00:00",-812.4656
"2012-06-20T11:00:00.000+00:00",1643.9398999999996
"2012-06-21T11:00:00.000+00:00",-81.54140000000001
"2012-06-22T11:00:00.000+00:00",6274.2403
"2012-06-23T11:00:00.000+00:00",783.6679
"2012-06-24T11:00:00.000+00:00",-497.85800000000006
"2012-06-25T11:00:00.000+00:00",352.43563
"2012-06-26T11:00:00.000+00:00",141.15399999999994
"2012-06-27T11:00:00.000+00:00",483.06359999999995
"2012-06-28T11:00:00.000+00:00",-1910.5400000000002
"2012-06-29T11:00:00.000+00:00",1446.3675999999998
"2012-06-30T11:00:00.000+00:00",761.0531000000001
"2012-07-01T11:00:00.000+00:00",2249.8454
"2012-07-02T11:00:00.000+00:00",-4127.667
"2012-07-03T11:00:00.000+00:00",9095.204600000001
"2012-07-04T11:00:00.000+00:00",-676.4580000000001
"2012-07-05T11:00:00.000+00:00",2783.5732999999996
"2012-07-06T11:00:00.000+00:00",-477.5107999999999
"2012-07-07T11:00:00.000+00:00",-8572.789600000002
"2012-07-08T11:00:00.000+00:00",-74.1675
"2012-07-10T11:00:00.000+00:00",3429.8778
"2012-07-11T11:00:00.000+00:00",99.3531
"2012-07-12T11:00:00.000+00:00",100.75319999999996
"2012-07-13T11:00:00.000+00:00",26.76129999999993
"2012-07-14T11:00:00.000+00:00",-294.58205
"2012-07-15T11:00:00.000+00:00",502.54750000000035
"2012-07-16T11:00:00.000+00:00",36.413999999999994
"2012-07-17T11:00:00.000+00:00",-231.95
"2012-07-18T11:00:00.000+00:00",-913.7445000000002
"2012-07-19T11:00:00.000+00:00",-1954.642
"2012-07-20T11:00:00.000+00:00",-387.632
"2012-07-21T11:00:00.000+00:00",3618.2079999999996
"2012-07-22T11:00:00.000+00:00",-831.8933000000002
"2012-07-23T11:00:00.000+00:00",-1001.7799000000001
"2012-07-24T11:00:00.000+00:00",1572.2502000000002
"2012-07-25T11:00:00.000+00:00",2391.8278
"2012-07-26T11:00:00.000+00:00",807.6891999999999
"2012-07-27T11:00:00.000+00:00",-302.3279
"2012-07-28T11:00:00.000+00:00",552.1675
"2012-07-29T11:00:00.000+00:00",522.5703
"2012-07-30T11:00:00.000+00:00",2131.8593
"2012-07-31T11:00:00.000+00:00",67.08999999999999
"2012-08-01T11:00:00.000+00:00",464.2084799999999
"2012-08-02T11:00:00.000+00:00",2735.2331999999997
"2012-08-03T11:00:00.000+00:00",20.56389999999999
"2012-08-04T11:00:00.000+00:00",-452.12913600000013
"2012-08-05T11:00:00.000+00:00",-4204.07866
"2012-08-06T11:00:00.000+00:00",-294.61462500000005
"2012-08-07T11:00:00.000+00:00",2623.3866
"2012-08-08T11:00:00.000+00:00",975.38586
"2012-08-09T11:00:00.000+00:00",-114.08582799999999
"2012-08-10T11:00:00.000+00:00",5583.083199999998
"2012-08-11T11:00:00.000+00:00",241.9044399999999
"2012-08-12T11:00:00.000+00:00",2249.62454
"2012-08-13T11:00:00.000+00:00",409.24289999999996
"2012-08-14T11:00:00.000+00:00",-2078.0010054000004
"2012-08-15T11:00:00.000+00:00",450.2765999999998
"2012-08-16T11:00:00.000+00:00",3551.4784
"2012-08-17T11:00:00.000+00:00",-329.02432164000004
"2012-08-18T11:00:00.000+00:00",1019.3913199999997
"2012-08-19T11:00:00.000+00:00",259.85409999999996
"2012-08-20T11:00:00.000+00:00",-640.8441640000002
"2012-08-21T11:00:00.000+00:00",1593.98783936
"2012-08-22T11:00:00.000+00:00",2017.1167
"2012-08-23T11:00:00.000+00:00",3427.2573
"2012-08-24T11:00:00.000+00:00",1854.0683999999997
"2012-08-25T11:00:00.000+00:00",5955.142
"2012-08-26T11:00:00.000+00:00",496.8936328799998
"2012-08-28T11:00:00.000+00:00",-292.8988
"2012-08-30T11:00:00.000+00:00",159.606
"2012-08-31T11:00:00.000+00:00",838.5639199999996
"2012-09-01T11:00:00.000+00:00",-30.592
"2012-09-02T11:00:00.000+00:00",341.708
"2012-09-03T11:00:00.000+00:00",718.3143
"2012-09-04T11:00:00.000+00:00",11231.4201
"2012-09-05T11:00:00.000+00:00",-54.629999999999995
"2012-09-06T11:00:00.000+00:00",65.10130000000004
"2012-09-07T11:00:00.000+00:00",-576.8484000000001
"2012-09-08T11:00:00.000+00:00",-845.3800000000001
"2012-09-09T11:00:00.000+00:00",-2736.0363427800003
"2012-09-10T11:00:00.000+00:00",52.27379999999997
"2012-09-11T11:00:00.000+00:00",3993.6731
"2012-09-12T11:00:00.000+00:00",1577.6456999999998
"2012-09-13T11:00:00.000+00:00",-269.1105
"2012-09-14T11:00:00.000+00:00",-2893.6479
"2012-09-15T11:00:00.000+00:00",-4558.74095
"2012-09-16T11:00:00.000+00:00",41.56
"2012-09-17T11:00:00.000+00:00",-190.41
"2012-09-18T11:00:00.000+00:00",1215.28
"2012-09-19T11:00:00.000+00:00",2510.8669
"2012-09-20T11:00:00.000+00:00",-156.47
"2012-09-21T11:00:00.000+00:00",5217.267
"2012-09-22T11:00:00.000+00:00",1956.6205000000002
"2012-09-23T11:00:00.000+00:00",76.00199999999998
"2012-09-24T11:00:00.000+00:00",-613.2181000000002
"2012-09-25T11:00:00.000+00:00",3139.5728
"2012-09-26T11:00:00.000+00:00",357.8999999999999
"2012-09-27T11:00:00.000+00:00",1336.4740000000002
"2012-09-28T11:00:00.000+00:00",4989.643599999999
"2012-09-29T11:00:00.000+00:00",-487.731
"2012-09-30T11:00:00.000+00:00",187.34799999999998
"2012-10-01T11:00:00.000+00:00",-540.7424630400002
"2012-10-02T11:00:00.000+00:00",3790.0023999999994
"2012-10-03T11:00:00.000+00:00",-61.95492000000013
"2012-10-04T11:00:00.000+00:00",-1214.17864
"2012-10-05T11:00:00.000+00:00",96.73239999999998
"2012-10-06T11:00:00.000+00:00",-1048.19999
"2012-10-07T11:00:00.000+00:00",1557.03548
"2012-10-08T11:00:00.000+00:00",-157.58792000000003
"2012-10-09T11:00:00.000+00:00",1081.4731
"2012-10-10T11:00:00.000+00:00",-565.81404
"2012-10-11T11:00:00.000+00:00",3497.9504
"2012-10-12T11:00:00.000+00:00",278.22639999999996
"2012-10-13T11:00:00.000+00:00",93.39931999999999
"2012-10-14T11:00:00.000+00:00",-10.6272
"2012-10-15T11:00:00.000+00:00",4863.0008
"2012-10-16T11:00:00.000+00:00",16959.003599999996
"2012-10-17T11:00:00.000+00:00",631.8276
"2012-10-18T11:00:00.000+00:00",5099.232499999999
"2012-10-19T11:00:00.000+00:00",5073.700439999999
"2012-10-20T11:00:00.000+00:00",278.7450304399997
"2012-10-21T11:00:00.000+00:00",2010.6524
"2012-10-22T11:00:00.000+00:00",0.9639239999999063
"2012-10-23T11:00:00.000+00:00",358.4412
"2012-10-24T11:00:00.000+00:00",-327.2402682400001
"2012-10-25T11:00:00.000+00:00",1307.2437864
"2012-10-26T11:00:00.000+00:00",-191.33352000000002
"2012-10-27T11:00:00.000+00:00",-60.966
"2012-10-28T11:00:00.000+00:00",1188.723084
"2012-10-29T11:00:00.000+00:00",3213.624
"2012-10-30T11:00:00.000+00:00",1206.7923199999998
"2012-10-31T11:00:00.000+00:00",4844.3656
"2012-11-01T11:00:00.000+00:00",4116.533
"2012-11-02T11:00:00.000+00:00",3164.8340000000003
"2012-11-03T11:00:00.000+00:00",788.91242
"2012-11-05T11:00:00.000+00:00",7397.6323600000005
"2012-11-06T11:00:00.000+00:00",635.9110720000001
"2012-11-07T11:00:00.000+00:00",15124.1143
"2012-11-08T11:00:00.000+00:00",2588.1122000000005
"2012-11-09T11:00:00.000+00:00",50.512000000000036
"2012-11-10T11:00:00.000+00:00",3217.124
"2012-11-11T11:00:00.000+00:00",583.4510986000001
"2012-11-12T11:00:00.000+00:00",5061.597020000001
"2012-11-13T11:00:00.000+00:00",106.82327320000026
"2012-11-14T11:00:00.000+00:00",9.446000000000009
"2012-11-15T11:00:00.000+00:00",0.7894000000000214
"2012-11-16T11:00:00.000+00:00",5226.2587
"2012-11-17T11:00:00.000+00:00",-414.57811499999997
"2012-11-18T11:00:00.000+00:00",2643.1208000000006
"2012-11-19T11:00:00.000+00:00",21694.783079999997
"2012-11-20T11:00:00.000+00:00",1292.5169999999998
"2012-11-21T11:00:00.000+00:00",1647.8865
"2012-11-22T11:00:00.000+00:00",7766.366440000001
"2012-11-23T11:00:00.000+00:00",5.920000000000009
"2012-11-24T11:00:00.000+00:00",894.5020000000001
"2012-11-25T11:00:00.000+00:00",13203.6734
"2012-11-26T11:00:00.000+00:00",1466.6635999999999
"2012-11-27T11:00:00.000+00:00",2484.7970800000026
"2012-11-28T11:00:00.000+00:00",801.2660000000001
"2012-11-29T11:00:00.000+00:00",5881.8187
"2012-11-30T11:00:00.000+00:00",1319.5188999999998
"2012-12-01T11:00:00.000+00:00",649.5062499999999
"2012-12-02T11:00:00.000+00:00",-155.07145000000003
"2012-12-03T11:00:00.000+00:00",0.5125400000000582
"2012-12-04T11:00:00.000+00:00",1003.8197999999998
"2012-12-05T11:00:00.000+00:00",293.63134999999994
"2012-12-06T11:00:00.000+00:00",1512.5990999999997
"2012-12-07T11:00:00.000+00:00",11598.682449999995
"2012-12-08T11:00:00.000+00:00",69.43735000000004
"2012-12-09T11:00:00.000+00:00",320.14769999999993
"2012-12-10T11:00:00.000+00:00",1802.4943600000006
"2012-12-11T11:00:00.000+00:00",9584.2718
"2012-12-12T11:00:00.000+00:00",-700.4693124000003
"2012-12-13T11:00:00.000+00:00",3429.5471
"2012-12-14T11:00:00.000+00:00",2044.3146499999998
"2012-12-15T11:00:00.000+00:00",156.68
"2012-12-16T11:00:00.000+00:00",2516.1835999999994
"2012-12-17T11:00:00.000+00:00",1588.4373000000003
"2012-12-18T11:00:00.000+00:00",4068.4792499999994
"2012-12-19T11:00:00.000+00:00",-332.267875
"2012-12-20T11:00:00.000+00:00",401.3081749999998
"2012-12-21T11:00:00.000+00:00",4458.96005
"2012-12-22T11:00:00.000+00:00",-213.89057150000008
"2012-12-24T11:00:00.000+00:00",3112.1202
"2012-12-25T11:00:00.000+00:00",-1362.5996974999998
"2012-12-26T11:00:00.000+00:00",150.339
"2012-12-27T11:00:00.000+00:00",541.12
"2012-12-28T11:00:00.000+00:00",32.538509999999995
"2012-12-29T11:00:00.000+00:00",1053.9835284999997
"2012-12-30T11:00:00.000+00:00",5308.024600000001
"2012-12-31T11:00:00.000+00:00",6100.324199999999
"2013-01-01T11:00:00.000+00:00",67.02000000000002
"2013-01-02T11:00:00.000+00:00",-954.7568000000002
"2013-01-03T11:00:00.000+00:00",-3405.5618240000003
"2013-01-04T11:00:00.000+00:00",538.4023
"2013-01-05T11:00:00.000+00:00",-2470.651729999999
"2013-01-06T11:00:00.000+00:00",2690.0808
"2013-01-07T11:00:00.000+00:00",789.07894
"2013-01-08T11:00:00.000+00:00",2163.3890300000003
"2013-01-09T11:00:00.000+00:00",-22.399080000000026
"2013-01-10T11:00:00.000+00:00",778.0425799999997
"2013-01-11T11:00:00.000+00:00",5192.157647999999
"2013-01-12T11:00:00.000+00:00",-67.28601999999998
"2013-01-13T11:00:00.000+00:00",4635.533643999999
"2013-01-14T11:00:00.000+00:00",2525.7290999999996
"2013-01-15T11:00:00.000+00:00",220.08309999999997
"2013-01-16T11:00:00.000+00:00",184.8522599999999
"2013-01-17T11:00:00.000+00:00",80.75639999999999
"2013-01-18T11:00:00.000+00:00",1543.8640399999995
"2013-01-19T11:00:00.000+00:00",4761.682379999999
"2013-01-20T11:00:00.000+00:00",4268.40568
"2013-01-21T11:00:00.000+00:00",418.45686
"2013-01-22T11:00:00.000+00:00",-224.46847200000008
"2013-01-23T11:00:00.000+00:00",786.5435399999997
"2013-01-24T11:00:00.000+00:00",7374.583899999999
"2013-01-25T11:00:00.000+00:00",-31.152540000000002
"2013-01-26T11:00:00.000+00:00",1030.8287999999998
"2013-01-27T11:00:00.000+00:00",1955.19922
"2013-01-28T11:00:00.000+00:00",387.0435000000001
"2013-01-29T11:00:00.000+00:00",275.07239999999996
"2013-01-30T11:00:00.000+00:00",295.11603999999977
"2013-01-31T11:00:00.000+00:00",342.6562199999999
"2013-02-01T11:00:00.000+00:00",1043.6014
"2013-02-02T11:00:00.000+00:00",-362.1603000000002
"2013-02-03T11:00:00.000+00:00",-32.4
"2013-02-04T11:00:00.000+00:00",130.87579999999997
"2013-02-05T11:00:00.000+00:00",-3179.9980000000005
"2013-02-06T11:00:00.000+00:00",291.7329
"2013-02-07T11:00:00.000+00:00",-3027.3968999999993
"2013-02-08T11:00:00.000+00:00",1046.8256000000001
"2013-02-09T11:00:00.000+00:00",-652.8981557800007
"2013-02-10T11:00:00.000+00:00",-184.98360000000002
"2013-02-11T11:00:00.000+00:00",-4389.915100000001
"2013-02-12T11:00:00.000+00:00",-25.77539999999999
"2013-02-13T11:00:00.000+00:00",-475.24600000000004
"2013-02-14T11:00:00.000+00:00",1673.3072000000002
"2013-02-15T11:00:00.000+00:00",3017.997812
"2013-02-16T11:00:00.000+00:00",-1041.7748
"2013-02-17T11:00:00.000+00:00",3642.7507999999984
"2013-02-18T11:00:00.000+00:00",-2606.64295
"2013-02-19T11:00:00.000+00:00",-62.856699999999975
"2013-02-20T11:00:00.000+00:00",-9.28
"2013-02-21T11:00:00.000+00:00",-364.43510000000003
"2013-02-22T11:00:00.000+00:00",0.35000000000000053
"2013-02-23T11:00:00.000+00:00",1359.5137
"2013-02-24T11:00:00.000+00:00",-197.334
"2013-02-25T11:00:00.000+00:00",2.247
"2013-02-26T11:00:00.000+00:00",3042.6440000000002
"2013-02-27T11:00:00.000+00:00",9187.861714
"2013-02-28T11:00:00.000+00:00",516.1320000000001
"2013-03-01T11:00:00.000+00:00",250.46639999999996
"2013-03-02T11:00:00.000+00:00",16589.4909
"2013-03-03T11:00:00.000+00:00",862.2399999999999
"2013-03-04T11:00:00.000+00:00",465.0589
"2013-03-05T11:00:00.000+00:00",2864.325999999999
"2013-03-06T11:00:00.000+00:00",-363.84319999999997
"2013-03-07T11:00:00.000+00:00",-51.32399999999999
"2013-03-08T11:00:00.000+00:00",-1101.1162
"2013-03-09T11:00:00.000+00:00",-2814.8701
"2013-03-10T11:00:00.000+00:00",2083.2358999999997
"2013-03-11T11:00:00.000+00:00",-5072.2789999999995
"2013-03-12T11:00:00.000+00:00",5391.303200000001
"2013-03-13T11:00:00.000+00:00",696.5951
"2013-03-14T11:00:00.000+00:00",489.60990000000004
"2013-03-15T11:00:00.000+00:00",-12.379000000000012
"2013-03-16T11:00:00.000+00:00",-282.1657
"2013-03-17T11:00:00.000+00:00",176.25329999999997
"2013-03-18T11:00:00.000+00:00",-1241.35
"2013-03-19T11:00:00.000+00:00",1318.1773999999998
"2013-03-20T11:00:00.000+00:00",192.22169999999994
"2013-03-21T11:00:00.000+00:00",540.868
"2013-03-22T11:00:00.000+00:00",-1552.9428999999998
"2013-03-23T11:00:00.000+00:00",-5708.9936
"2013-03-24T11:00:00.000+00:00",3424.7585999999997
"2013-03-25T11:00:00.000+00:00",319.2570999999999
"2013-03-26T11:00:00.000+00:00",1621.2939999999996
"2013-03-27T11:00:00.000+00:00",68.23749999999995
"2013-03-28T11:00:00.000+00:00",-1205.0242000000003
"2013-03-29T11:00:00.000+00:00",-668.8430999999999
"2013-03-30T11:00:00.000+00:00",-2887.4076
"2013-03-31T11:00:00.000+00:00",-284.2754
"2013-04-01T11:00:00.000+00:00",7.126699999999971
"2013-04-02T11:00:00.000+00:00",1817.996
"2013-04-03T11:00:00.000+00:00",1805.6634999999997
"2013-04-04T11:00:00.000+00:00",-360.805
"2013-04-05T11:00:00.000+00:00",-265.4298
"2013-04-06T11:00:00.000+00:00",2845.3468999999996
"2013-04-07T11:00:00.000+00:00",-863.4449000000002
"2013-04-08T11:00:00.000+00:00",717.8837000000001
"2013-04-09T11:00:00.000+00:00",-1867.7342990000002
"2013-04-10T11:00:00.000+00:00",1515.3091499999998
"2013-04-11T11:00:00.000+00:00",-1332.2968000000012
"2013-04-12T11:00:00.000+00:00",-1718.7913000000008
"2013-04-13T11:00:00.000+00:00",-526.4862000000002
"2013-04-14T11:00:00.000+00:00",2936.3201339999996
"2013-04-15T11:00:00.000+00:00",1637.8935999999999
"2013-04-16T11:00:00.000+00:00",-3739.7378999999996
"2013-04-17T11:00:00.000+00:00",518.7520999999999
"2013-04-18T11:00:00.000+00:00",-904.8198884000001
"2013-04-19T11:00:00.000+00:00",3093.9393
"2013-04-20T11:00:00.000+00:00",1016.8090000000002
"2013-04-21T11:00:00.000+00:00",1992.6834999999996
"2013-04-22T11:00:00.000+00:00",-1105.78349
"2013-04-23T11:00:00.000+00:00",2110.8675
"2013-04-24T11:00:00.000+00:00",977.3862
"2013-04-25T11:00:00.000+00:00",-1414.0982000000001
"2013-04-26T11:00:00.000+00:00",147.70600000000002
"2013-04-27T11:00:00.000+00:00",2729.3911999999996
"2013-04-28T11:00:00.000+00:00",896.7825999999999
"2013-04-29T11:00:00.000+00:00",235.25820000000024
"2013-04-30T11:00:00.000+00:00",-567.45
"2013-05-01T11:00:00.000+00:00",2850.1725
"2013-05-02T11:00:00.000+00:00",1577.5463
"2013-05-03T11:00:00.000+00:00",-263.27129999999994
"2013-05-04T11:00:00.000+00:00",-3287.29516
"2013-05-05T11:00:00.000+00:00",769.5857999999998
"2013-05-06T11:00:00.000+00:00",1233.0305999999998
"2013-05-07T11:00:00.000+00:00",5728.2780999999995
"2013-05-08T11:00:00.000+00:00",215.68220000000002
"2013-05-09T11:00:00.000+00:00",-1766.5437124000002
"2013-05-10T11:00:00.000+00:00",789.6287
"2013-05-11T11:00:00.000+00:00",-4630.469
"2013-05-12T11:00:00.000+00:00",160.16425000000004
"2013-05-13T11:00:00.000+00:00",3009.564799999999
"2013-05-14T11:00:00.000+00:00",220.7224
"2013-05-15T11:00:00.000+00:00",-36.63
"2013-05-16T11:00:00.000+00:00",-72.60999999999999
"2013-05-17T11:00:00.000+00:00",1628.6123999999998
"2013-05-18T11:00:00.000+00:00",-306.23799999999983
"2013-05-19T11:00:00.000+00:00",935.1809999999998
"2013-05-20T11:00:00.000+00:00",2360.8944999999994
"2013-05-21T11:00:00.000+00:00",-475.73029999999994
"2013-05-22T11:00:00.000+00:00",-753.7306000000003
"2013-05-23T11:00:00.000+00:00",-1322.9626999999998
"2013-05-24T11:00:00.000+00:00",390.91700000000003
"2013-05-25T11:00:00.000+00:00",1423.7809739999996
"2013-05-26T11:00:00.000+00:00",4536.342199999999
"2013-05-27T11:00:00.000+00:00",-1844.7580000000003
"2013-05-28T11:00:00.000+00:00",944.3748999999999
"2013-05-29T11:00:00.000+00:00",40.535999999999966
"2013-05-30T11:00:00.000+00:00",-504.208
"2013-05-31T11:00:00.000+00:00",-380.79338000000024
"2013-06-01T11:00:00.000+00:00",-730.1847000000002
"2013-06-02T11:00:00.000+00:00",5476.24228
"2013-06-03T11:00:00.000+00:00",83.63579999999996
"2013-06-04T11:00:00.000+00:00",-250.21559999999994
"2013-06-05T11:00:00.000+00:00",1372.7804999999998
"2013-06-06T11:00:00.000+00:00",-37.333200000000005
"2013-06-07T11:00:00.000+00:00",1803.8698999999997
"2013-06-08T11:00:00.000+00:00",-876.5488
"2013-06-09T11:00:00.000+00:00",6983.9076000000005
"2013-06-10T11:00:00.000+00:00",64.17299979999999
"2013-06-11T11:00:00.000+00:00",2753.9762
"2013-06-12T11:00:00.000+00:00",1253.2015999999999
"2013-06-13T11:00:00.000+00:00",1009.3736999999998
"2013-06-14T11:00:00.000+00:00",7127.7425
"2013-06-15T11:00:00.000+00:00",-2554.1423000000004
"2013-06-16T11:00:00.000+00:00",510.4017
"2013-06-17T11:00:00.000+00:00",320.67999999999995
"2013-06-18T11:00:00.000+00:00",-612.9760200000001
"2013-06-19T11:00:00.000+00:00",-923.1448000000001
"2013-06-20T11:00:00.000+00:00",2517.6118000000006
"2013-06-21T11:00:00.000+00:00",755.7638999999999
"2013-06-22T11:00:00.000+00:00",-139
"2013-06-23T11:00:00.000+00:00",844.48
"2013-06-24T11:00:00.000+00:00",-1358.9592124
"2013-06-25T11:00:00.000+00:00",115.69600000000003
"2013-06-26T11:00:00.000+00:00",1516.2501
"2013-06-27T11:00:00.000+00:00",470.5962999999998
"2013-06-28T11:00:00.000+00:00",1540.9334000000001
"2013-06-29T11:00:00.000+00:00",6605.9648
"2013-06-30T11:00:00.000+00:00",27.3889
"2013-07-01T11:00:00.000+00:00",-1376.1155000000003
"2013-07-02T11:00:00.000+00:00",1353.3351240000002
"2013-07-03T11:00:00.000+00:00",3617.45936
"2013-07-04T11:00:00.000+00:00",1277.5728960000001
"2013-07-05T11:00:00.000+00:00",-224.656096
"2013-07-06T11:00:00.000+00:00",1339.0909199999999
"2013-07-07T11:00:00.000+00:00",791.4396519999999
"2013-07-08T11:00:00.000+00:00",2640.0205799999994
"2013-07-09T11:00:00.000+00:00",3594.5673079999997
"2013-07-10T11:00:00.000+00:00",-340.46380000000005
"2013-07-11T11:00:00.000+00:00",-361.64243999999997
"2013-07-12T11:00:00.000+00:00",-975.3828880000001
"2013-07-13T11:00:00.000+00:00",763.1240320000002
"2013-07-14T11:00:00.000+00:00",1739.811356
"2013-07-15T11:00:00.000+00:00",357.4694599999999
"2013-07-16T11:00:00.000+00:00",2163.8594783999997
"2013-07-17T11:00:00.000+00:00",-141.58536
"2013-07-18T11:00:00.000+00:00",-2075.087432
"2013-07-19T11:00:00.000+00:00",-40.1603630400001
"2013-07-20T11:00:00.000+00:00",426.4753760000001
"2013-07-21T11:00:00.000+00:00",5369.304755999998
"2013-07-22T11:00:00.000+00:00",86.18222800000002
"2013-07-23T11:00:00.000+00:00",-129.09918
"2013-07-24T11:00:00.000+00:00",43.265255999999965
"2013-07-25T11:00:00.000+00:00",-933.6463160000004
"2013-07-26T11:00:00.000+00:00",1335.071899999999
"2013-07-27T11:00:00.000+00:00",243.41695999999968
"2013-07-28T11:00:00.000+00:00",-1332.933072
"2013-07-29T11:00:00.000+00:00",628.9657799999999
"2013-07-30T11:00:00.000+00:00",-259.444208
"2013-07-31T11:00:00.000+00:00",-2232.1053035000004
"2013-08-01T11:00:00.000+00:00",-1761.5020240000001
"2013-08-02T11:00:00.000+00:00",1320.8893999999998
"2013-08-03T11:00:00.000+00:00",153.555164
"2013-08-04T11:00:00.000+00:00",2409.094328
"2013-08-05T11:00:00.000+00:00",35.149041599999975
"2013-08-06T11:00:00.000+00:00",1431.8014600000001
"2013-08-07T11:00:00.000+00:00",15828.287887999999
"2013-08-08T11:00:00.000+00:00",490.7628
"2013-08-09T11:00:00.000+00:00",4752.946827999998
"2013-08-10T11:00:00.000+00:00",14962.218132
"2013-08-11T11:00:00.000+00:00",2767.93448
"2013-08-12T11:00:00.000+00:00",6816.899571999998
"2013-08-13T11:00:00.000+00:00",-69.677936
"2013-08-14T11:00:00.000+00:00",4495.153511999999
"2013-08-15T11:00:00.000+00:00",2263.2602439999996
"2013-08-16T11:00:00.000+00:00",-401.44184
"2013-08-17T11:00:00.000+00:00",-50.25022400000003
"2013-08-18T11:00:00.000+00:00",-845.5034940000003
"2013-08-19T11:00:00.000+00:00",860.914752
"2013-08-20T11:00:00.000+00:00",1530.192744
"2013-08-21T11:00:00.000+00:00",756.1677679999999
"2013-08-22T11:00:00.000+00:00",1099.9056799999998
"2013-08-23T11:00:00.000+00:00",51.21456
"2013-08-24T11:00:00.000+00:00",1388.3860519999998
"2013-08-25T11:00:00.000+00:00",-47.88
"2013-08-26T11:00:00.000+00:00",-2134.4798600000004
"2013-08-27T11:00:00.000+00:00",-2479.9342920000004
"2013-08-28T11:00:00.000+00:00",8173.919079999999
"2013-08-29T11:00:00.000+00:00",-322.7949376000001
"2013-08-30T11:00:00.000+00:00",265.07860879999987
"2013-08-31T11:00:00.000+00:00",36.905052
"2013-09-01T11:00:00.000+00:00",157.11263291999978
"2013-09-02T11:00:00.000+00:00",2887.2664000000004
"2013-09-03T11:00:00.000+00:00",895.65492
"2013-09-04T11:00:00.000+00:00",230.30666799999983
"2013-09-05T11:00:00.000+00:00",1083.1150599999999
"2013-09-06T11:00:00.000+00:00",4932.7968999999985
"2013-09-07T11:00:00.000+00:00",-211.96720000000002
"2013-09-08T11:00:00.000+00:00",-439.97232
"2013-09-09T11:00:00.000+00:00",250.91980000000012
"2013-09-10T11:00:00.000+00:00",3229.4958400000005
"2013-09-11T11:00:00.000+00:00",-719.11064
"2013-09-12T11:00:00.000+00:00",2129.82812328
"2013-09-13T11:00:00.000+00:00",3853.1111200000005
"2013-09-14T11:00:00.000+00:00",7308.1348
"2013-09-15T11:00:00.000+00:00",927.68524
"2013-09-16T11:00:00.000+00:00",-411.82164
"2013-09-17T11:00:00.000+00:00",2197.9695
"2013-09-18T11:00:00.000+00:00",-339.07858
"2013-09-19T11:00:00.000+00:00",4244.875440000001
"2013-09-20T11:00:00.000+00:00",211.35940000000002
"2013-09-21T11:00:00.000+00:00",1568.4840000000004
"2013-09-22T11:00:00.000+00:00",1301.5185199999999
"2013-09-23T11:00:00.000+00:00",1211.9904840000004
"2013-09-24T11:00:00.000+00:00",-2591.3185000000003
"2013-09-25T11:00:00.000+00:00",3872.06404
"2013-09-26T11:00:00.000+00:00",-49.476000000000006
"2013-09-27T11:00:00.000+00:00",1405.4473
"2013-09-28T11:00:00.000+00:00",376.8304
"2013-09-29T11:00:00.000+00:00",1679.0011200000004
"2013-09-30T11:00:00.000+00:00",193.79368759999988
"2013-10-01T11:00:00.000+00:00",12.360499999999973
"2013-10-02T11:00:00.000+00:00",-4993.902899999998
"2013-10-03T11:00:00.000+00:00",1181.9437
"2013-10-04T11:00:00.000+00:00",1556.3254000000002
"2013-10-05T11:00:00.000+00:00",498.0855
"2013-10-06T11:00:00.000+00:00",617.344
"2013-10-07T11:00:00.000+00:00",5914.9503
"2013-10-08T11:00:00.000+00:00",650.0145
"2013-10-09T11:00:00.000+00:00",51.149799999999985
"2013-10-10T11:00:00.000+00:00",-864.4580000000001
"2013-10-11T11:00:00.000+00:00",7597.02256
"2013-10-12T11:00:00.000+00:00",321.1980000000001
"2013-10-13T11:00:00.000+00:00",-41.778700000000015
"2013-10-14T11:00:00.000+00:00",14678.2648
"2013-10-15T11:00:00.000+00:00",-686.7311000000001
"2013-10-16T11:00:00.000+00:00",1625.633
"2013-10-17T11:00:00.000+00:00",350.42869999999994
"2013-10-18T11:00:00.000+00:00",-1588.7682999999993
"2013-10-19T11:00:00.000+00:00",1781.0217
"2013-10-20T11:00:00.000+00:00",1156.5692
"2013-10-21T11:00:00.000+00:00",314.68
"2013-10-22T11:00:00.000+00:00",10.639999999999986
"2013-10-23T11:00:00.000+00:00",860.5549999999998
"2013-10-24T11:00:00.000+00:00",-971.5801124000003
"2013-10-25T11:00:00.000+00:00",-1993.3375000000005
"2013-10-26T11:00:00.000+00:00",526.3597
"2013-10-27T11:00:00.000+00:00",-360.7513999999999
"2013-10-28T11:00:00.000+00:00",-784.24185
"2013-10-29T11:00:00.000+00:00",3377.0389999999998
"2013-10-30T11:00:00.000+00:00",-1533.0056789999996
"2013-10-31T11:00:00.000+00:00",-802.8395
"2013-11-01T11:00:00.000+00:00",4374.8189520000005
"2013-11-02T11:00:00.000+00:00",939.258912
"2013-11-03T11:00:00.000+00:00",1632.3116
"2013-11-04T11:00:00.000+00:00",1098.4924464000005
"2013-11-05T11:00:00.000+00:00",-1460.22768
"2013-11-06T11:00:00.000+00:00",1624.69758
"2013-11-07T11:00:00.000+00:00",226.422672
"2013-11-08T11:00:00.000+00:00",11562.321767999998
"2013-11-09T11:00:00.000+00:00",13359.44314
"2013-11-10T11:00:00.000+00:00",8354.30568
"2013-11-11T11:00:00.000+00:00",2066.990664
"2013-11-12T11:00:00.000+00:00",232.05640000000005
"2013-11-13T11:00:00.000+00:00",2074.8176439999997
"2013-11-14T11:00:00.000+00:00",4590.756300000001
"2013-11-15T11:00:00.000+00:00",1084.2343680000001
"2013-11-16T11:00:00.000+00:00",3407.46712
"2013-11-17T11:00:00.000+00:00",2001.3818800000001
"2013-11-18T11:00:00.000+00:00",12824.489520000001
"2013-11-19T11:00:00.000+00:00",1057.647168
"2013-11-20T11:00:00.000+00:00",464.96335999999997
"2013-11-21T11:00:00.000+00:00",2547.5919679999997
"2013-11-22T11:00:00.000+00:00",733.0449199999999
"2013-11-23T11:00:00.000+00:00",3668.211288
"2013-11-24T11:00:00.000+00:00",6069.755
"2013-11-25T11:00:00.000+00:00",1471.3817680000002
"2013-11-26T11:00:00.000+00:00",1403.403550400001
"2013-11-27T11:00:00.000+00:00",2061.836240000001
"2013-11-28T11:00:00.000+00:00",5784.32348
"2013-11-29T11:00:00.000+00:00",2841.8527648000004
"2013-11-30T11:00:00.000+00:00",3643.7082176000004
"2013-12-01T11:00:00.000+00:00",7004.187360000001
"2013-12-02T11:00:00.000+00:00",9314.201777023998
"2013-12-03T11:00:00.000+00:00",-223.598204944
"2013-12-04T11:00:00.000+00:00",-322.619624
"2013-12-05T11:00:00.000+00:00",4033.7358900000004
"2013-12-06T11:00:00.000+00:00",3458.5693359999996
"2013-12-07T11:00:00.000+00:00",1728.83816
"2013-12-08T11:00:00.000+00:00",851.6825600000002
"2013-12-09T11:00:00.000+00:00",8867.629344
"2013-12-10T11:00:00.000+00:00",2819.81576
"2013-12-11T11:00:00.000+00:00",1489.767832
"2013-12-12T11:00:00.000+00:00",-2632.924683999999
"2013-12-13T11:00:00.000+00:00",2405.8953375999995
"2013-12-14T11:00:00.000+00:00",-9.325679999999998
"2013-12-15T11:00:00.000+00:00",5653.870919999999
"2013-12-16T11:00:00.000+00:00",38.002627200000234
"2013-12-17T11:00:00.000+00:00",107.28082000000002
"2013-12-18T11:00:00.000+00:00",3723.6076599999997
"2013-12-19T11:00:00.000+00:00",2205.633132
"2013-12-20T11:00:00.000+00:00",1552.77192
"2013-12-21T11:00:00.000+00:00",839.2777312000003
"2013-12-22T11:00:00.000+00:00",813.2935239999999
"2013-12-23T11:00:00.000+00:00",-954.73364
"2013-12-24T11:00:00.000+00:00",1761.572964
"2013-12-25T11:00:00.000+00:00",-1235.9316319999996
"2013-12-26T11:00:00.000+00:00",1358.38376
"2013-12-27T11:00:00.000+00:00",7633.987544
"2013-12-28T11:00:00.000+00:00",6394.493807999999
"2013-12-29T11:00:00.000+00:00",3346.006856
"2013-12-30T11:00:00.000+00:00",409.66375999999985
"2013-12-31T11:00:00.000+00:00",2294.856104
